"	部门","	员工编码","	员工姓名","	打卡时间","	当前班次","	该班次的上下班时间","	当前楼层","	门禁名称","	状态","	地点"
"	人力资源部","	21033887","	张三","	2022-07-30 17:30:48","	","	-","	（）","	","	","	"
"	人力资源部","	21033887","	张三","	2022-07-30 16:41:01","	","	-","	（）","	","	","	"
"	人力资源部","	21033887","	张三","	2022-07-30 16:36:32","	","	-","	（）","	","	","	"
"	人力资源部","	21033887","	张三","	2022-07-30 12:43:25","	","	-","	（）","	","	进","	"
"	人力资源部","	21033887","	张三","	2022-07-30 12:41:37","	","	-","	（）","	","	出","	"
"	人力资源部","	21033887","	张三","	2022-07-30 12:40:35","	","	-","	（）","	","	","	"
"	人力资源部","	21033887","	张三","	2022-07-29 18:44:42","	办公班","	09:00-12:30;  13:30-17:30","	（）","	","	","	"
"	人力资源部","	21033887","	张三","	2022-07-29 08:39:55","	办公班","	09:00-12:30;  13:30-17:30","	（）","	","	","	"
"	人力资源部","	21033887","	张三","	2022-07-28 20:09:27","	办公班","	09:00-12:30;  13:30-17:30","	（）","	","	","	"
"	人力资源部","	21033887","	张三","	2022-07-28 20:05:08","	办公班","	09:00-12:30;  13:30-17:30","	（）","	","	","	"
"	人力资源部","	21033887","	张三","	2022-07-28 20:03:58","	办公班","	09:00-12:30;  13:30-17:30","	（）","	","	","	"
"	人力资源部","	21033887","	张三","	2022-07-28 09:08:55","	办公班","	09:00-12:30;  13:30-17:30","	（）","	","	进","	"
"	人力资源部","	21033887","	张三","	2022-07-28 09:05:10","	办公班","	09:00-12:30;  13:30-17:30","	（）","	","	出","	"
"	人力资源部","	21033887","	张三","	2022-07-28 08:27:26","	办公班","	09:00-12:30;  13:30-17:30","	（）","	","	","	"
"	人力资源部","	21033887","	张三","	2022-07-27 17:47:50","	办公班","	09:00-12:30;  13:30-17:30","	（）","	","	","	"
"	人力资源部","	21033887","	张三","	2022-07-27 10:00:11","	办公班","	09:00-12:30;  13:30-17:30","	（）","	","	进","	"
"	人力资源部","	21033887","	张三","	2022-07-27 09:51:30","	办公班","	09:00-12:30;  13:30-17:30","	（）","	","	出","	"
"	人力资源部","	21033887","	张三","	2022-07-27 08:13:31","	办公班","	09:00-12:30;  13:30-17:30","	（）","	","	","	"
"	人力资源部","	21033887","	张三","	2022-07-26 19:26:57","	办公班","	09:00-12:30;  13:30-17:30","	（）","	","	出","	"
"	人力资源部","	21033887","	张三","	2022-07-26 12:34:45","	办公班","	09:00-12:30;  13:30-17:30","	（）","	","	进","	"
"	人力资源部","	21033887","	张三","	2022-07-26 11:17:29","	办公班","	09:00-12:30;  13:30-17:30","	（）","	","	出","	"
"	人力资源部","	21033887","	张三","	2022-07-26 08:46:43","	办公班","	09:00-12:30;  13:30-17:30","	（）","	","	进","	"
"	人力资源部","	21033887","	张三","	2022-07-25 18:19:37","	办公班","	09:00-12:30;  13:30-17:30","	（）","	","	","	"
"	人力资源部","	21033887","	张三","	2022-07-25 11:49:02","	办公班","	09:00-12:30;  13:30-17:30","	（）","	","	进","	"
"	人力资源部","	21033887","	张三","	2022-07-25 11:45:37","	办公班","	09:00-12:30;  13:30-17:30","	（）","	","	出","	"
"	人力资源部","	21033887","	张三","	2022-07-25 08:37:10","	办公班","	09:00-12:30;  13:30-17:30","	（）","	","	","	"
"	人力资源部","	21033887","	张三","	2022-07-22 18:16:19","	办公班","	09:00-12:30;  13:30-17:30","	（）","	","	出","	"
"	人力资源部","	21033887","	张三","	2022-07-22 17:54:34","	办公班","	09:00-12:30;  13:30-17:30","	（）","	","	进","	"
"	人力资源部","	21033887","	张三","	2022-07-22 16:32:44","	办公班","	09:00-12:30;  13:30-17:30","	（）","	","	出","	"
"	人力资源部","	21033887","	张三","	2022-07-22 08:36:15","	办公班","	09:00-12:30;  13:30-17:30","	（）","	","	进","	"
"	人力资源部","	21033887","	张三","	2022-07-21 18:18:49","	办公班","	09:00-12:30;  13:30-17:30","	（）","	","	","	"
"	人力资源部","	21033887","	张三","	2022-07-21 08:13:32","	办公班","	09:00-12:30;  13:30-17:30","	（）","	","	","	"
"	人力资源部","	21033887","	张三","	2022-07-20 14:05:29","	办公班","	09:00-12:30;  13:30-17:30","	（）","	","	","	"
"	人力资源部","	21033887","	张三","	2022-07-20 13:59:31","	办公班","	09:00-12:30;  13:30-17:30","	（）","	","	","	"
"	人力资源部","	21033887","	张三","	2022-07-20 13:58:06","	办公班","	09:00-12:30;  13:30-17:30","	（）","	","	","	"
"	人力资源部","	21033887","	张三","	2022-07-20 08:33:04","	办公班","	09:00-12:30;  13:30-17:30","	（）","	","	","	"
"	人力资源部","	21033887","	张三","	2022-07-19 19:12:20","	办公班","	09:00-12:30;  13:30-17:30","	（）","	","	","	主楼负3楼东侧出"
"	人力资源部","	21033887","	张三","	2022-07-19 17:44:26","	办公班","	09:00-12:30;  13:30-17:30","	（）","	","	","	主楼负3楼东侧入"
"	人力资源部","	21033887","	张三","	2022-07-19 17:43:29","	办公班","	09:00-12:30;  13:30-17:30","	（）","	","	","	主楼负3楼东侧出"
"	人力资源部","	21033887","	张三","	2022-07-19 10:41:20","	办公班","	09:00-12:30;  13:30-17:30","	（）","	","	","	主楼负3楼东侧入"
"	人力资源部","	21033887","	张三","	2022-07-19 10:40:38","	办公班","	09:00-12:30;  13:30-17:30","	（）","	","	","	主楼负3楼东侧出"
"	人力资源部","	21033887","	张三","	2022-07-19 08:59:39","	办公班","	09:00-12:30;  13:30-17:30","	（）","	","	","	主楼负3楼东侧入"
"	人力资源部","	21033887","	张三","	2022-07-19 08:57:29","	办公班","	09:00-12:30;  13:30-17:30","	（）","	","	","	主楼负3楼东侧出"
"	人力资源部","	21033887","	张三","	2022-07-19 08:28:24","	办公班","	09:00-12:30;  13:30-17:30","	（）","	","	","	主楼负3楼东侧入"
"	人力资源部","	21033887","	张三","	2022-07-18 18:54:40","	办公班","	09:00-12:30;  13:30-17:30","	（）","	","	","	"
"	人力资源部","	21033887","	张三","	2022-07-18 12:16:38","	办公班","	09:00-12:30;  13:30-17:30","	（）","	","	","	"
"	人力资源部","	21033887","	张三","	2022-07-15 18:31:45","	办公班","	09:00-12:30;  13:30-17:30","	（）","	","	","	"
"	人力资源部","	21033887","	张三","	2022-07-15 12:50:46","	办公班","	09:00-12:30;  13:30-17:30","	（）","	","	进","	"
"	人力资源部","	21033887","	张三","	2022-07-15 12:16:16","	办公班","	09:00-12:30;  13:30-17:30","	（）","	","	出","	"
"	人力资源部","	21033887","	张三","	2022-07-15 12:15:10","	办公班","	09:00-12:30;  13:30-17:30","	（）","	","	","	"
"	人力资源部","	21033887","	张三","	2022-07-15 12:02:44","	办公班","	09:00-12:30;  13:30-17:30","	（）","	","	","	"
"	人力资源部","	21033887","	张三","	2022-07-15 08:12:23","	办公班","	09:00-12:30;  13:30-17:30","	（）","	","	","	"
"	人力资源部","	21033887","	张三","	2022-07-14 19:29:55","	办公班","	09:00-12:30;  13:30-17:30","	（）","	","	","	"
"	人力资源部","	21033887","	张三","	2022-07-14 08:24:16","	办公班","	09:00-12:30;  13:30-17:30","	（）","	","	","	"
"	人力资源部","	21033887","	张三","	2022-07-13 18:22:39","	办公班","	09:00-12:30;  13:30-17:30","	（）","	","	","	"
"	人力资源部","	21033887","	张三","	2022-07-13 08:34:35","	办公班","	09:00-12:30;  13:30-17:30","	（）","	","	","	"
"	人力资源部","	21033887","	张三","	2022-07-12 18:25:24","	办公班","	09:00-12:30;  13:30-17:30","	（）","	","	","	"
"	人力资源部","	21033887","	张三","	2022-07-12 17:36:45","	办公班","	09:00-12:30;  13:30-17:30","	（）","	","	进","	"
"	人力资源部","	21033887","	张三","	2022-07-12 09:06:42","	办公班","	09:00-12:30;  13:30-17:30","	（）","	","	进","	"
"	人力资源部","	21033887","	张三","	2022-07-12 07:37:11","	办公班","	09:00-12:30;  13:30-17:30","	（）","	","	","	"
"	人力资源部","	21033887","	张三","	2022-07-11 20:07:43","	办公班","	09:00-12:30;  13:30-17:30","	（）","	","	","	"
"	人力资源部","	21033887","	张三","	2022-07-11 18:46:17","	办公班","	09:00-12:30;  13:30-17:30","	（）","	","	进","	"
"	人力资源部","	21033887","	张三","	2022-07-11 18:43:10","	办公班","	09:00-12:30;  13:30-17:30","	（）","	","	出","	"
"	人力资源部","	21033887","	张三","	2022-07-11 15:54:17","	办公班","	09:00-12:30;  13:30-17:30","	（）","	","	进","	"
"	人力资源部","	21033887","	张三","	2022-07-11 15:52:27","	办公班","	09:00-12:30;  13:30-17:30","	（）","	","	出","	"
"	人力资源部","	21033887","	张三","	2022-07-11 15:50:36","	办公班","	09:00-12:30;  13:30-17:30","	（）","	","	进","	"
"	人力资源部","	21033887","	张三","	2022-07-11 12:50:18","	办公班","	09:00-12:30;  13:30-17:30","	（）","	","	","	"
"	人力资源部","	21033887","	张三","	2022-07-11 12:36:15","	办公班","	09:00-12:30;  13:30-17:30","	（）","	","	出","	"
"	人力资源部","	21033887","	张三","	2022-07-11 08:12:09","	办公班","	09:00-12:30;  13:30-17:30","	（）","	","	进","	"
"	人力资源部","	21033887","	张三","	2022-07-08 18:26:26","	办公班","	09:00-12:30;  13:30-17:30","	（）","	","	","	"
"	人力资源部","	21033887","	张三","	2022-07-08 08:37:47","	办公班","	09:00-12:30;  13:30-17:30","	（）","	","	","	"
"	人力资源部","	21033887","	张三","	2022-07-07 18:45:53","	办公班","	09:00-12:30;  13:30-17:30","	（）","	","	","	"
"	人力资源部","	21033887","	张三","	2022-07-07 14:53:10","	办公班","	09:00-12:30;  13:30-17:30","	（）","	","	进","	"
"	人力资源部","	21033887","	张三","	2022-07-07 10:16:36","	办公班","	09:00-12:30;  13:30-17:30","	（）","	","	进","	"
"	人力资源部","	21033887","	张三","	2022-07-07 08:44:54","	办公班","	09:00-12:30;  13:30-17:30","	（）","	","	","	"
"	人力资源部","	21033887","	张三","	2022-07-06 18:12:20","	办公班","	09:00-12:30;  13:30-17:30","	（）","	","	","	"
"	人力资源部","	21033887","	张三","	2022-07-06 10:34:36","	办公班","	09:00-12:30;  13:30-17:30","	（）","	","	进","	"
"	人力资源部","	21033887","	张三","	2022-07-05 18:26:27","	办公班","	09:00-12:30;  13:30-17:30","	（）","	","	","	主楼负4楼北侧高区出"
"	人力资源部","	21033887","	张三","	2022-07-05 10:28:27","	办公班","	09:00-12:30;  13:30-17:30","	（）","	","	进","	主楼大堂高区闸机左入口"
"	人力资源部","	21033887","	张三","	2022-07-05 10:26:06","	办公班","	09:00-12:30;  13:30-17:30","	（）","	","	出","	主楼大堂高区闸机中出口"
"	人力资源部","	21033887","	张三","	2022-07-05 08:30:54","	办公班","	09:00-12:30;  13:30-17:30","	（）","	","	","	主楼负4楼东侧入"
"	人力资源部","	21033887","	张三","	2022-07-04 18:37:52","	办公班","	09:00-12:30;  13:30-17:30","	（）","	","	","	"
"	人力资源部","	21033887","	张三","	2022-07-04 17:57:42","	办公班","	09:00-12:30;  13:30-17:30","	（）","	","	进","	"
"	人力资源部","	21033887","	张三","	2022-07-04 16:03:01","	办公班","	09:00-12:30;  13:30-17:30","	（）","	","	出","	"
"	人力资源部","	21033887","	张三","	2022-07-04 14:42:20","	办公班","	09:00-12:30;  13:30-17:30","	（）","	","	进","	"
"	人力资源部","	21033887","	张三","	2022-07-04 13:50:39","	办公班","	09:00-12:30;  13:30-17:30","	（）","	","	","	"
"	人力资源部","	21033887","	张三","	2022-07-01 18:02:23","	办公班","	09:00-12:30;  13:30-17:30","	（）","	","	","	"
"	人力资源部","	21033887","	张三","	2022-07-01 12:40:25","	办公班","	09:00-12:30;  13:30-17:30","	（）","	","	","	"
"	人力资源部","	21033887","	张三","	2022-07-01 12:38:35","	办公班","	09:00-12:30;  13:30-17:30","	（）","	","	","	"
"	人力资源部","	21033887","	张三","	2022-07-01 08:40:45","	办公班","	09:00-12:30;  13:30-17:30","	（）","	","	","	"
"	人力资源部","	21033887","	张三","	2022-06-30 18:21:25","	办公班","	09:00-12:30;  13:30-17:30","	（）","	","	","	"
"	人力资源部","	21033887","	张三","	2022-06-30 15:42:45","	办公班","	09:00-12:30;  13:30-17:30","	（）","	","	进","	"
"	人力资源部","	21033887","	张三","	2022-06-30 15:39:26","	办公班","	09:00-12:30;  13:30-17:30","	（）","	","	进","	"
"	人力资源部","	21033887","	张三","	2022-06-30 08:43:48","	办公班","	09:00-12:30;  13:30-17:30","	（）","	","	","	"
"	人力资源部","	21033887","	张三","	2022-06-29 15:15:19","	办公班","	09:00-12:30;  13:30-17:30","	（）","	","	出","	"
"	人力资源部","	21033887","	张三","	2022-06-29 12:27:12","	办公班","	09:00-12:30;  13:30-17:30","	（）","	","	进","	"
"	人力资源部","	21033887","	张三","	2022-06-29 12:25:04","	办公班","	09:00-12:30;  13:30-17:30","	（）","	","	出","	"
"	人力资源部","	21033887","	张三","	2022-06-29 08:40:53","	办公班","	09:00-12:30;  13:30-17:30","	（）","	","	进","	"
"	人力资源部","	21033887","	张三","	2022-06-28 17:52:24","	办公班","	09:00-12:30;  13:30-17:30","	（）","	","	","	"
"	人力资源部","	21033887","	张三","	2022-06-28 15:25:52","	办公班","	09:00-12:30;  13:30-17:30","	（）","	","	","	"
"	人力资源部","	21033887","	张三","	2022-06-28 15:23:10","	办公班","	09:00-12:30;  13:30-17:30","	（）","	","	","	"
"	人力资源部","	21033887","	张三","	2022-06-28 15:21:46","	办公班","	09:00-12:30;  13:30-17:30","	（）","	","	进","	"
"	人力资源部","	21033887","	张三","	2022-06-28 08:35:31","	办公班","	09:00-12:30;  13:30-17:30","	（）","	","	","	"
"	人力资源部","	21033887","	张三","	2022-06-27 18:51:44","	办公班","	09:00-12:30;  13:30-17:30","	（）","	","	","	"
"	人力资源部","	21033887","	张三","	2022-06-27 15:37:21","	办公班","	09:00-12:30;  13:30-17:30","	（）","	","	进","	"
"	人力资源部","	21033887","	张三","	2022-06-27 08:26:28","	办公班","	09:00-12:30;  13:30-17:30","	（）","	","	","	"
"	人力资源部","	21033887","	张三","	2022-06-24 18:03:19","	办公班","	09:00-12:30;  13:30-17:30","	（）","	","	","	"
"	人力资源部","	21033887","	张三","	2022-06-24 17:58:36","	办公班","	09:00-12:30;  13:30-17:30","	（）","	","	","	"
"	人力资源部","	21033887","	张三","	2022-06-24 11:49:06","	办公班","	09:00-12:30;  13:30-17:30","	（）","	","	","	"
"	人力资源部","	21033887","	张三","	2022-06-24 11:43:43","	办公班","	09:00-12:30;  13:30-17:30","	（）","	","	","	"
"	人力资源部","	21033887","	张三","	2022-06-24 08:56:16","	办公班","	09:00-12:30;  13:30-17:30","	（）","	","	","	"
"	人力资源部","	21033887","	张三","	2022-06-23 19:32:32","	办公班","	09:00-12:30;  13:30-17:30","	（）","	","	","	"
"	人力资源部","	21033887","	张三","	2022-06-23 17:47:23","	办公班","	09:00-12:30;  13:30-17:30","	（）","	","	","	"
"	人力资源部","	21033887","	张三","	2022-06-23 17:36:39","	办公班","	09:00-12:30;  13:30-17:30","	（）","	","	","	"
"	人力资源部","	21033887","	张三","	2022-06-23 17:35:40","	办公班","	09:00-12:30;  13:30-17:30","	（）","	","	进","	"
"	人力资源部","	21033887","	张三","	2022-06-23 17:30:19","	办公班","	09:00-12:30;  13:30-17:30","	（）","	","	出","	"
"	人力资源部","	21033887","	张三","	2022-06-23 08:49:40","	办公班","	09:00-12:30;  13:30-17:30","	（）","	","	","	"
"	人力资源部","	21033887","	张三","	2022-06-22 19:30:59","	办公班","	09:00-12:30;  13:30-17:30","	（）","	","	","	主楼负3楼东侧出"
"	人力资源部","	21033887","	张三","	2022-06-22 17:51:09","	办公班","	09:00-12:30;  13:30-17:30","	（）","	","	","	主楼负3楼东侧入"
"	人力资源部","	21033887","	张三","	2022-06-22 17:43:01","	办公班","	09:00-12:30;  13:30-17:30","	（）","	","	","	主楼负4楼西侧出"
"	人力资源部","	21033887","	张三","	2022-06-22 17:41:32","	办公班","	09:00-12:30;  13:30-17:30","	（）","	","	进","	主楼大堂高区闸机左入口"
"	人力资源部","	21033887","	张三","	2022-06-22 16:56:20","	办公班","	09:00-12:30;  13:30-17:30","	（）","	","	出","	主楼大堂高区闸机左出口"
"	人力资源部","	21033887","	张三","	2022-06-22 14:45:15","	办公班","	09:00-12:30;  13:30-17:30","	（）","	","	进","	副楼3层东侧入"
"	人力资源部","	21033887","	张三","	2022-06-22 13:14:15","	办公班","	09:00-12:30;  13:30-17:30","	（）","	","	","	主楼负3楼东侧入"
"	人力资源部","	21033887","	张三","	2022-06-22 13:12:53","	办公班","	09:00-12:30;  13:30-17:30","	（）","	","	","	主楼负3楼东侧出"
"	人力资源部","	21033887","	张三","	2022-06-22 12:49:07","	办公班","	09:00-12:30;  13:30-17:30","	（）","	","	","	主楼负4楼西侧入"
"	人力资源部","	21033887","	张三","	2022-06-22 12:46:57","	办公班","	09:00-12:30;  13:30-17:30","	（）","	","	","	主楼负4楼东侧出"
"	人力资源部","	21033887","	张三","	2022-06-22 12:43:03","	办公班","	09:00-12:30;  13:30-17:30","	（）","	","	进","	主楼负1层东侧入"
"	人力资源部","	21033887","	张三","	2022-06-22 12:38:59","	办公班","	09:00-12:30;  13:30-17:30","	（）","	","	出","	主楼负1层东侧出"
"	人力资源部","	21033887","	张三","	2022-06-22 12:38:05","	办公班","	09:00-12:30;  13:30-17:30","	（）","	","	","	主楼负3楼东侧入"
"	人力资源部","	21033887","	张三","	2022-06-22 12:36:25","	办公班","	09:00-12:30;  13:30-17:30","	（）","	","	","	主楼负3楼东侧出"
"	人力资源部","	21033887","	张三","	2022-06-21 17:47:25","	办公班","	09:00-12:30;  13:30-17:30","	（）","	","	出","	"
"	人力资源部","	21033887","	张三","	2022-06-21 10:29:51","	办公班","	09:00-12:30;  13:30-17:30","	（）","	","	进","	"
"	人力资源部","	21033887","	张三","	2022-06-21 08:47:11","	办公班","	09:00-12:30;  13:30-17:30","	（）","	","	进","	"
"	人力资源部","	21033887","	张三","	2022-06-20 18:13:11","	办公班","	09:00-12:30;  13:30-17:30","	（）","	","	","	"
"	人力资源部","	21033887","	张三","	2022-06-20 08:49:42","	办公班","	09:00-12:30;  13:30-17:30","	（）","	","	","	"
"	人力资源部","	21033887","	张三","	2022-06-17 18:05:02","	办公班","	09:00-12:30;  13:30-17:30","	（）","	","	","	主楼负4楼东侧入"
"	人力资源部","	21033887","	张三","	2022-06-17 10:31:02","	办公班","	09:00-12:30;  13:30-17:30","	（）","	","	进","	副楼2层东侧入"
"	人力资源部","	21033887","	张三","	2022-06-17 10:29:32","	办公班","	09:00-12:30;  13:30-17:30","	（）","	","	进","	副楼3层东侧入"
"	人力资源部","	21033887","	张三","	2022-06-17 09:16:16","	办公班","	09:00-12:30;  13:30-17:30","	（）","	","	进","	副楼3层东侧入"
"	人力资源部","	21033887","	张三","	2022-06-17 08:38:46","	办公班","	09:00-12:30;  13:30-17:30","	（）","	","	","	主楼负4楼东侧入"
"	人力资源部","	21033887","	张三","	2022-06-16 18:46:16","	办公班","	09:00-12:30;  13:30-17:30","	（）","	","	","	"
"	人力资源部","	21033887","	张三","	2022-06-16 08:35:05","	办公班","	09:00-12:30;  13:30-17:30","	（）","	","	","	"
"	人力资源部","	21033887","	张三","	2022-06-15 19:42:59","	办公班","	09:00-12:30;  13:30-17:30","	（）","	","	","	"
"	人力资源部","	21033887","	张三","	2022-06-15 14:12:57","	办公班","	09:00-12:30;  13:30-17:30","	（）","	","	进","	"
"	人力资源部","	21033887","	张三","	2022-06-15 13:42:08","	办公班","	09:00-12:30;  13:30-17:30","	（）","	","	出","	"
"	人力资源部","	21033887","	张三","	2022-06-15 12:57:46","	办公班","	09:00-12:30;  13:30-17:30","	（）","	","	进","	"
"	人力资源部","	21033887","	张三","	2022-06-15 12:52:22","	办公班","	09:00-12:30;  13:30-17:30","	（）","	","	出","	"
"	人力资源部","	21033887","	张三","	2022-06-15 10:20:48","	办公班","	09:00-12:30;  13:30-17:30","	（）","	","	进","	"
"	人力资源部","	21033887","	张三","	2022-06-15 08:43:15","	办公班","	09:00-12:30;  13:30-17:30","	（）","	","	","	"
"	人力资源部","	21033887","	张三","	2022-06-14 19:15:02","	办公班","	09:00-12:30;  13:30-17:30","	（）","	","	出","	"
"	人力资源部","	21033887","	张三","	2022-06-14 08:48:19","	办公班","	09:00-12:30;  13:30-17:30","	（）","	","	进","	"
"	人力资源部","	21033887","	张三","	2022-06-13 18:21:33","	办公班","	09:00-12:30;  13:30-17:30","	（）","	","	出","	"
"	人力资源部","	21033887","	张三","	2022-06-13 08:48:22","	办公班","	09:00-12:30;  13:30-17:30","	（）","	","	进","	"
"	人力资源部","	21033887","	张三","	2022-06-10 18:29:01","	办公班","	09:00-12:30;  13:30-17:30","	（）","	","	出","	"
"	人力资源部","	21033887","	张三","	2022-06-10 08:50:21","	办公班","	09:00-12:30;  13:30-17:30","	（）","	","	进","	"
"	人力资源部","	21033887","	张三","	2022-06-09 18:25:00","	办公班","	09:00-12:30;  13:30-17:30","	（）","	","	","	主楼负3楼西侧出"
"	人力资源部","	21033887","	张三","	2022-06-09 12:39:37","	办公班","	09:00-12:30;  13:30-17:30","	（）","	","	","	主楼负3楼西侧入"
"	人力资源部","	21033887","	张三","	2022-06-09 12:13:42","	办公班","	09:00-12:30;  13:30-17:30","	（）","	","	出","	主楼1层东侧出口2"
"	人力资源部","	21033887","	张三","	2022-06-09 12:12:37","	办公班","	09:00-12:30;  13:30-17:30","	（）","	","	","	主楼负4楼东侧入"
"	人力资源部","	21033887","	张三","	2022-06-09 12:11:21","	办公班","	09:00-12:30;  13:30-17:30","	（）","	","	","	主楼负4楼北侧高区出"
"	人力资源部","	21033887","	张三","	2022-06-09 09:06:06","	办公班","	09:00-12:30;  13:30-17:30","	（）","	","	进","	主楼大堂高区闸机左入口"
"	人力资源部","	21033887","	张三","	2022-06-08 17:34:57","	办公班","	09:00-12:30;  13:30-17:30","	（）","	","	出","	"
"	人力资源部","	21033887","	张三","	2022-06-08 16:58:18","	办公班","	09:00-12:30;  13:30-17:30","	（）","	","	进","	"
"	人力资源部","	21033887","	张三","	2022-06-08 13:07:26","	办公班","	09:00-12:30;  13:30-17:30","	（）","	","	进","	"
"	人力资源部","	21033887","	张三","	2022-06-08 12:51:48","	办公班","	09:00-12:30;  13:30-17:30","	（）","	","	出","	"
"	人力资源部","	21033887","	张三","	2022-06-08 08:51:04","	办公班","	09:00-12:30;  13:30-17:30","	（）","	","	进","	"
"	人力资源部","	21033887","	张三","	2022-06-07 17:52:51","	办公班","	09:00-12:30;  13:30-17:30","	（）","	","	出","	"
"	人力资源部","	21033887","	张三","	2022-06-07 08:52:21","	办公班","	09:00-12:30;  13:30-17:30","	（）","	","	进","	"
"	人力资源部","	21033887","	张三","	2022-06-06 18:15:48","	办公班","	09:00-12:30;  13:30-17:30","	（）","	","	出","	"
"	人力资源部","	21033887","	张三","	2022-06-06 14:35:44","	办公班","	09:00-12:30;  13:30-17:30","	（）","	","	进","	"
"	人力资源部","	21033887","	张三","	2022-06-06 08:47:17","	办公班","	09:00-12:30;  13:30-17:30","	（）","	","	进","	"
"	人力资源部","	21033887","	张三","	2022-06-02 18:05:47","	办公班","	09:00-12:30;  13:30-17:30","	（）","	","	","	"
"	人力资源部","	21033887","	张三","	2022-06-02 08:49:52","	办公班","	09:00-12:30;  13:30-17:30","	（）","	","	","	"
"	人力资源部","	21033887","	张三","	2022-06-01 18:07:30","	办公班","	09:00-12:30;  13:30-17:30","	（）","	","	","	"
"	人力资源部","	21033887","	张三","	2022-06-01 08:53:02","	办公班","	09:00-12:30;  13:30-17:30","	（）","	","	","	"
"	人力资源部","	21033887","	张三","	2022-05-31 17:58:18","	办公班","	09:00-12:30;  13:30-17:30","	（）","	","	","	"
"	人力资源部","	21033887","	张三","	2022-05-31 08:49:28","	办公班","	09:00-12:30;  13:30-17:30","	（）","	","	","	"
"	人力资源部","	21033887","	张三","	2022-05-30 18:29:33","	办公班","	09:00-12:30;  13:30-17:30","	（）","	","	","	"
"	人力资源部","	21033887","	张三","	2022-05-30 18:28:17","	办公班","	09:00-12:30;  13:30-17:30","	（）","	","	进","	"
"	人力资源部","	21033887","	张三","	2022-05-30 18:11:41","	办公班","	09:00-12:30;  13:30-17:30","	（）","	","	出","	"
"	人力资源部","	21033887","	张三","	2022-05-30 18:10:42","	办公班","	09:00-12:30;  13:30-17:30","	（）","	","	","	"
"	人力资源部","	21033887","	张三","	2022-05-30 18:02:54","	办公班","	09:00-12:30;  13:30-17:30","	（）","	","	","	"
"	人力资源部","	21033887","	张三","	2022-05-30 15:44:39","	办公班","	09:00-12:30;  13:30-17:30","	（）","	","	进","	"
"	人力资源部","	21033887","	张三","	2022-05-30 08:55:45","	办公班","	09:00-12:30;  13:30-17:30","	（）","	","	","	"
"	人力资源部","	21033887","	张三","	2022-05-27 17:58:28","	办公班","	09:00-12:30;  13:30-17:30","	（）","	","	出","	"
"	人力资源部","	21033887","	张三","	2022-05-27 08:52:09","	办公班","	09:00-12:30;  13:30-17:30","	（）","	","	进","	"
"	人力资源部","	21033887","	张三","	2022-05-26 18:14:33","	办公班","	09:00-12:30;  13:30-17:30","	（）","	","	","	"
"	人力资源部","	21033887","	张三","	2022-05-26 17:57:31","	办公班","	09:00-12:30;  13:30-17:30","	（）","	","	","	"
"	人力资源部","	21033887","	张三","	2022-05-26 17:55:53","	办公班","	09:00-12:30;  13:30-17:30","	（）","	","	","	"
"	人力资源部","	21033887","	张三","	2022-05-26 15:23:32","	办公班","	09:00-12:30;  13:30-17:30","	（）","	","	","	"
"	人力资源部","	21033887","	张三","	2022-05-26 15:16:14","	办公班","	09:00-12:30;  13:30-17:30","	（）","	","	","	"
"	人力资源部","	21033887","	张三","	2022-05-26 11:57:06","	办公班","	09:00-12:30;  13:30-17:30","	（）","	","	进","	"
"	人力资源部","	21033887","	张三","	2022-05-26 11:54:44","	办公班","	09:00-12:30;  13:30-17:30","	（）","	","	出","	"
"	人力资源部","	21033887","	张三","	2022-05-26 10:36:21","	办公班","	09:00-12:30;  13:30-17:30","	（）","	","	","	"
"	人力资源部","	21033887","	张三","	2022-05-26 10:32:47","	办公班","	09:00-12:30;  13:30-17:30","	（）","	","	","	"
"	人力资源部","	21033887","	张三","	2022-05-26 08:54:38","	办公班","	09:00-12:30;  13:30-17:30","	（）","	","	","	"
"	人力资源部","	21033887","	张三","	2022-05-25 17:43:08","	办公班","	09:00-12:30;  13:30-17:30","	（）","	","	出","	"
"	人力资源部","	21033887","	张三","	2022-05-25 12:42:28","	办公班","	09:00-12:30;  13:30-17:30","	（）","	","	进","	"
"	人力资源部","	21033887","	张三","	2022-05-25 11:43:56","	办公班","	09:00-12:30;  13:30-17:30","	（）","	","	出","	"
"	人力资源部","	21033887","	张三","	2022-05-25 08:59:03","	办公班","	09:00-12:30;  13:30-17:30","	（）","	","	进","	"
"	人力资源部","	21033887","	张三","	2022-05-24 17:48:20","	办公班","	09:00-12:30;  13:30-17:30","	（）","	","	出","	"
"	人力资源部","	21033887","	张三","	2022-05-24 08:56:45","	办公班","	09:00-12:30;  13:30-17:30","	（）","	","	进","	"
"	人力资源部","	21033887","	张三","	2022-05-23 17:45:18","	办公班","	09:00-12:30;  13:30-17:30","	（）","	","	出","	"
"	人力资源部","	21033887","	张三","	2022-05-23 17:06:35","	办公班","	09:00-12:30;  13:30-17:30","	（）","	","	进","	"
"	人力资源部","	21033887","	张三","	2022-05-23 17:05:27","	办公班","	09:00-12:30;  13:30-17:30","	（）","	","	进","	"
"	人力资源部","	21033887","	张三","	2022-05-23 08:54:23","	办公班","	09:00-12:30;  13:30-17:30","	（）","	","	进","	"
"	人力资源部","	21033887","	张三","	2022-05-20 17:51:06","	办公班","	09:00-12:30;  13:30-17:30","	（）","	","	出","	"
"	人力资源部","	21033887","	张三","	2022-05-20 12:40:32","	办公班","	09:00-12:30;  13:30-17:30","	（）","	","	进","	"
"	人力资源部","	21033887","	张三","	2022-05-20 12:11:54","	办公班","	09:00-12:30;  13:30-17:30","	（）","	","	出","	"
"	人力资源部","	21033887","	张三","	2022-05-20 08:52:07","	办公班","	09:00-12:30;  13:30-17:30","	（）","	","	进","	"
"	人力资源部","	21033887","	张三","	2022-05-19 18:02:45","	办公班","	09:00-12:30;  13:30-17:30","	（）","	","	出","	"
"	人力资源部","	21033887","	张三","	2022-05-19 09:56:04","	办公班","	09:00-12:30;  13:30-17:30","	（）","	","	进","	"
"	人力资源部","	21033887","	张三","	2022-05-18 17:59:57","	办公班","	09:00-12:30;  13:30-17:30","	（）","	","	出","	"
"	人力资源部","	21033887","	张三","	2022-05-18 14:47:14","	办公班","	09:00-12:30;  13:30-17:30","	（）","	","	进","	"
"	人力资源部","	21033887","	张三","	2022-05-18 14:32:16","	办公班","	09:00-12:30;  13:30-17:30","	（）","	","	出","	"
"	人力资源部","	21033887","	张三","	2022-05-18 14:29:08","	办公班","	09:00-12:30;  13:30-17:30","	（）","	","	进","	"
"	人力资源部","	21033887","	张三","	2022-05-18 08:52:31","	办公班","	09:00-12:30;  13:30-17:30","	（）","	","	进","	"
"	人力资源部","	21033887","	张三","	2022-05-17 18:41:18","	办公班","	09:00-12:30;  13:30-17:30","	（）","	","	出","	"
"	人力资源部","	21033887","	张三","	2022-05-17 15:57:08","	办公班","	09:00-12:30;  13:30-17:30","	（）","	","	进","	"
"	人力资源部","	21033887","	张三","	2022-05-17 15:48:14","	办公班","	09:00-12:30;  13:30-17:30","	（）","	","	出","	"
"	人力资源部","	21033887","	张三","	2022-05-17 14:28:08","	办公班","	09:00-12:30;  13:30-17:30","	（）","	","	进","	"
"	人力资源部","	21033887","	张三","	2022-05-17 14:26:33","	办公班","	09:00-12:30;  13:30-17:30","	（）","	","	进","	"
"	人力资源部","	21033887","	张三","	2022-05-17 08:55:47","	办公班","	09:00-12:30;  13:30-17:30","	（）","	","	进","	"
"	人力资源部","	21033887","	张三","	2022-05-16 18:19:22","	办公班","	09:00-12:30;  13:30-17:30","	（）","	","	出","	主楼大堂高区闸机中出口"
"	人力资源部","	21033887","	张三","	2022-05-16 15:33:18","	办公班","	09:00-12:30;  13:30-17:30","	（）","	","	进","	副楼3层东侧入"
"	人力资源部","	21033887","	张三","	2022-05-16 11:37:29","	办公班","	09:00-12:30;  13:30-17:30","	（）","	","	进","	主楼大堂高区闸机左入口"
"	人力资源部","	21033887","	张三","	2022-05-16 11:36:00","	办公班","	09:00-12:30;  13:30-17:30","	（）","	","	出","	主楼大堂高区闸机右出口"
"	人力资源部","	21033887","	张三","	2022-05-16 09:03:40","	办公班","	09:00-12:30;  13:30-17:30","	（）","	","	进","	主楼大堂高区闸机左入口"
"	人力资源部","	21033887","	张三","	2022-05-13 19:01:30","	办公班","	09:00-12:30;  13:30-17:30","	（）","	","	出","	"
"	人力资源部","	21033887","	张三","	2022-05-13 08:53:13","	办公班","	09:00-12:30;  13:30-17:30","	（）","	","	进","	"
"	人力资源部","	21033887","	张三","	2022-05-12 19:06:13","	办公班","	09:00-12:30;  13:30-17:30","	（）","	","	出","	"
"	人力资源部","	21033887","	张三","	2022-05-12 15:59:30","	办公班","	09:00-12:30;  13:30-17:30","	（）","	","	进","	"
"	人力资源部","	21033887","	张三","	2022-05-12 08:56:59","	办公班","	09:00-12:30;  13:30-17:30","	（）","	","	进","	"
"	人力资源部","	21033887","	张三","	2022-05-11 18:11:33","	办公班","	09:00-12:30;  13:30-17:30","	（）","	","	出","	"
"	人力资源部","	21033887","	张三","	2022-05-11 08:56:51","	办公班","	09:00-12:30;  13:30-17:30","	（）","	","	进","	"
"	人力资源部","	21033887","	张三","	2022-05-10 18:11:16","	办公班","	09:00-12:30;  13:30-17:30","	（）","	","	出","	"
"	人力资源部","	21033887","	张三","	2022-05-10 09:13:39","	办公班","	09:00-12:30;  13:30-17:30","	（）","	","	进","	"
"	人力资源部","	21033887","	张三","	2022-05-09 18:19:30","	办公班","	09:00-12:30;  13:30-17:30","	（）","	","	出","	"
"	人力资源部","	21033887","	张三","	2022-05-09 15:43:12","	办公班","	09:00-12:30;  13:30-17:30","	（）","	","	进","	"
"	人力资源部","	21033887","	张三","	2022-05-09 15:40:55","	办公班","	09:00-12:30;  13:30-17:30","	（）","	","	出","	"
"	人力资源部","	21033887","	张三","	2022-05-09 08:58:52","	办公班","	09:00-12:30;  13:30-17:30","	（）","	","	进","	"
"	人力资源部","	21033887","	张三","	2022-05-07 18:10:53","	","	-","	（）","	","	出","	"
"	人力资源部","	21033887","	张三","	2022-05-07 15:41:47","	","	-","	（）","	","	出","	"
"	人力资源部","	21033887","	张三","	2022-05-07 08:54:17","	","	-","	（）","	","	进","	"
"	人力资源部","	21033887","	张三","	2022-05-06 17:53:17","	办公班","	09:00-12:30;  13:30-17:30","	（）","	","	出","	"
"	人力资源部","	21033887","	张三","	2022-05-06 08:53:04","	办公班","	09:00-12:30;  13:30-17:30","	（）","	","	进","	"
"	人力资源部","	21033887","	张三","	2022-05-05 17:49:35","	办公班","	09:00-12:30;  13:30-17:30","	（）","	","	出","	"
"	人力资源部","	21033887","	张三","	2022-05-05 16:24:49","	办公班","	09:00-12:30;  13:30-17:30","	（）","	","	进","	"
"	人力资源部","	21033887","	张三","	2022-05-05 16:22:16","	办公班","	09:00-12:30;  13:30-17:30","	（）","	","	出","	"
"	人力资源部","	21033887","	张三","	2022-05-05 08:53:04","	办公班","	09:00-12:30;  13:30-17:30","	（）","	","	进","	"
"	人力资源部","	21033887","	张三","	2022-04-29 17:48:53","	办公班","	09:00-12:30;  13:30-17:30","	（）","	","	出","	"
"	人力资源部","	21033887","	张三","	2022-04-29 17:05:32","	办公班","	09:00-12:30;  13:30-17:30","	（）","	","	进","	"
"	人力资源部","	21033887","	张三","	2022-04-29 17:01:40","	办公班","	09:00-12:30;  13:30-17:30","	（）","	","	出","	"
"	人力资源部","	21033887","	张三","	2022-04-29 08:58:22","	办公班","	09:00-12:30;  13:30-17:30","	（）","	","	进","	"
"	人力资源部","	21033887","	张三","	2022-04-28 18:09:57","	办公班","	09:00-12:30;  13:30-17:30","	（）","	","	出","	主楼大堂高区闸机左出口"
"	人力资源部","	21033887","	张三","	2022-04-28 16:26:30","	办公班","	09:00-12:30;  13:30-17:30","	（）","	","	进","	主楼大堂高区闸机左入口"
"	人力资源部","	21033887","	张三","	2022-04-28 15:55:44","	办公班","	09:00-12:30;  13:30-17:30","	（）","	","	出","	主楼大堂高区闸机中出口"
"	人力资源部","	21033887","	张三","	2022-04-28 08:57:12","	办公班","	09:00-12:30;  13:30-17:30","	（）","	","	进","	主楼大堂高区闸机左入口"
"	人力资源部","	21033887","	张三","	2022-04-27 18:09:22","	办公班","	09:00-12:30;  13:30-17:30","	（）","	","	出","	"
"	人力资源部","	21033887","	张三","	2022-04-27 16:21:37","	办公班","	09:00-12:30;  13:30-17:30","	（）","	","	进","	"
"	人力资源部","	21033887","	张三","	2022-04-27 14:14:54","	办公班","	09:00-12:30;  13:30-17:30","	（）","	","	出","	"
"	人力资源部","	21033887","	张三","	2022-04-27 08:54:42","	办公班","	09:00-12:30;  13:30-17:30","	（）","	","	进","	"
"	人力资源部","	21033887","	张三","	2022-04-26 17:02:23","	办公班","	09:00-12:30;  13:30-17:30","	（）","	","	出","	"
"	人力资源部","	21033887","	张三","	2022-04-26 08:49:36","	办公班","	09:00-12:30;  13:30-17:30","	（）","	","	进","	"
"	人力资源部","	21033887","	张三","	2022-04-25 17:39:47","	办公班","	09:00-12:30;  13:30-17:30","	（）","	","	出","	"
"	人力资源部","	21033887","	张三","	2022-04-25 16:04:04","	办公班","	09:00-12:30;  13:30-17:30","	（）","	","	进","	"
"	人力资源部","	21033887","	张三","	2022-04-25 14:12:43","	办公班","	09:00-12:30;  13:30-17:30","	（）","	","	出","	"
"	人力资源部","	21033887","	张三","	2022-04-25 14:10:23","	办公班","	09:00-12:30;  13:30-17:30","	（）","	","	进","	"
"	人力资源部","	21033887","	张三","	2022-04-25 08:55:34","	办公班","	09:00-12:30;  13:30-17:30","	（）","	","	进","	"
"	人力资源部","	21033887","	张三","	2022-04-24 17:53:40","	办公班","	09:00-12:30;  13:30-17:30","	（）","	","	出","	"
"	人力资源部","	21033887","	张三","	2022-04-24 08:55:26","	办公班","	09:00-12:30;  13:30-17:30","	（）","	","	进","	"
"	人力资源部","	21033887","	张三","	2022-04-22 17:49:28","	办公班","	09:00-12:30;  13:30-17:30","	（）","	","	出","	主楼大堂高区闸机中出口"
"	人力资源部","	21033887","	张三","	2022-04-22 11:40:21","	办公班","	09:00-12:30;  13:30-17:30","	（）","	","	进","	主楼1层东侧入口2"
"	人力资源部","	21033887","	张三","	2022-04-21 18:01:09","	办公班","	09:00-12:30;  13:30-17:30","	（）","	","	出","	"
"	人力资源部","	21033887","	张三","	2022-04-21 14:19:41","	办公班","	09:00-12:30;  13:30-17:30","	（）","	","	进","	"
"	人力资源部","	21033887","	张三","	2022-04-21 13:39:18","	办公班","	09:00-12:30;  13:30-17:30","	（）","	","	出","	"
"	人力资源部","	21033887","	张三","	2022-04-21 11:40:02","	办公班","	09:00-12:30;  13:30-17:30","	（）","	","	进","	"
"	人力资源部","	21033887","	张三","	2022-04-21 11:22:54","	办公班","	09:00-12:30;  13:30-17:30","	（）","	","	出","	"
"	人力资源部","	21033887","	张三","	2022-04-21 08:54:43","	办公班","	09:00-12:30;  13:30-17:30","	（）","	","	进","	"
"	人力资源部","	21033887","	张三","	2022-04-20 17:38:21","	办公班","	09:00-12:30;  13:30-17:30","	（）","	","	出","	"
"	人力资源部","	21033887","	张三","	2022-04-20 08:57:42","	办公班","	09:00-12:30;  13:30-17:30","	（）","	","	进","	"
"	人力资源部","	21033887","	张三","	2022-04-19 17:39:48","	办公班","	09:00-12:30;  13:30-17:30","	（）","	","	出","	"
"	人力资源部","	21033887","	张三","	2022-04-19 16:33:13","	办公班","	09:00-12:30;  13:30-17:30","	（）","	","	进","	"
"	人力资源部","	21033887","	张三","	2022-04-19 16:32:03","	办公班","	09:00-12:30;  13:30-17:30","	（）","	","	出","	"
"	人力资源部","	21033887","	张三","	2022-04-19 12:07:59","	办公班","	09:00-12:30;  13:30-17:30","	（）","	","	进","	"
"	人力资源部","	21033887","	张三","	2022-04-19 11:57:32","	办公班","	09:00-12:30;  13:30-17:30","	（）","	","	出","	"
"	人力资源部","	21033887","	张三","	2022-04-19 11:53:47","	办公班","	09:00-12:30;  13:30-17:30","	（）","	","	进","	"
"	人力资源部","	21033887","	张三","	2022-04-19 11:52:24","	办公班","	09:00-12:30;  13:30-17:30","	（）","	","	出","	"
"	人力资源部","	21033887","	张三","	2022-04-19 08:54:19","	办公班","	09:00-12:30;  13:30-17:30","	（）","	","	进","	"
"	人力资源部","	21033887","	张三","	2022-04-18 18:04:13","	办公班","	09:00-12:30;  13:30-17:30","	（）","	","	出","	"
"	人力资源部","	21033887","	张三","	2022-04-18 16:33:46","	办公班","	09:00-12:30;  13:30-17:30","	（）","	","	进","	"
"	人力资源部","	21033887","	张三","	2022-04-18 16:32:03","	办公班","	09:00-12:30;  13:30-17:30","	（）","	","	出","	"
"	人力资源部","	21033887","	张三","	2022-04-18 08:58:27","	办公班","	09:00-12:30;  13:30-17:30","	（）","	","	进","	"
"	人力资源部","	21033887","	张三","	2022-04-15 17:40:51","	办公班","	09:00-12:30;  13:30-17:30","	（）","	","	出","	主楼大堂高区闸机左出口"
"	人力资源部","	21033887","	张三","	2022-04-15 10:55:20","	办公班","	09:00-12:30;  13:30-17:30","	（）","	","	进","	副楼1层东侧闸机A01入口"
"	人力资源部","	21033887","	张三","	2022-04-15 10:54:53","	办公班","	09:00-12:30;  13:30-17:30","	（）","	","	出","	副楼1层东侧闸机A02出口"
"	人力资源部","	21033887","	张三","	2022-04-15 10:53:11","	办公班","	09:00-12:30;  13:30-17:30","	（）","	","	进","	副楼3层东侧入"
"	人力资源部","	21033887","	张三","	2022-04-15 09:18:47","	办公班","	09:00-12:30;  13:30-17:30","	（）","	","	进","	主楼大堂高区闸机中入口"
"	人力资源部","	21033887","	张三","	2022-04-15 09:13:47","	办公班","	09:00-12:30;  13:30-17:30","	（）","	","	出","	主楼大堂高区闸机左出口"
"	人力资源部","	21033887","	张三","	2022-04-15 08:54:55","	办公班","	09:00-12:30;  13:30-17:30","	（）","	","	进","	主楼大堂高区闸机左入口"
"	人力资源部","	21033887","	张三","	2022-04-14 18:22:31","	办公班","	09:00-12:30;  13:30-17:30","	（）","	","	出","	"
"	人力资源部","	21033887","	张三","	2022-04-14 10:40:19","	办公班","	09:00-12:30;  13:30-17:30","	（）","	","	进","	"
"	人力资源部","	21033887","	张三","	2022-04-14 08:55:08","	办公班","	09:00-12:30;  13:30-17:30","	（）","	","	进","	"
"	人力资源部","	21033887","	张三","	2022-04-13 19:35:52","	办公班","	09:00-12:30;  13:30-17:30","	（）","	","	出","	"
"	人力资源部","	21033887","	张三","	2022-04-13 08:52:09","	办公班","	09:00-12:30;  13:30-17:30","	（）","	","	进","	"
"	人力资源部","	21033887","	张三","	2022-04-12 17:41:33","	办公班","	09:00-12:30;  13:30-17:30","	（）","	","	出","	"
"	人力资源部","	21033887","	张三","	2022-04-12 15:00:51","	办公班","	09:00-12:30;  13:30-17:30","	（）","	","	进","	"
"	人力资源部","	21033887","	张三","	2022-04-12 14:58:26","	办公班","	09:00-12:30;  13:30-17:30","	（）","	","	出","	"
"	人力资源部","	21033887","	张三","	2022-04-12 08:57:01","	办公班","	09:00-12:30;  13:30-17:30","	（）","	","	进","	"
"	人力资源部","	21033887","	张三","	2022-04-11 18:01:56","	办公班","	09:00-12:30;  13:30-17:30","	（）","	","	出","	"
"	人力资源部","	21033887","	张三","	2022-04-11 14:46:41","	办公班","	09:00-12:30;  13:30-17:30","	（）","	","	进","	"
"	人力资源部","	21033887","	张三","	2022-04-11 14:45:45","	办公班","	09:00-12:30;  13:30-17:30","	（）","	","	进","	"
"	人力资源部","	21033887","	张三","	2022-04-11 14:42:03","	办公班","	09:00-12:30;  13:30-17:30","	（）","	","	出","	"
"	人力资源部","	21033887","	张三","	2022-04-11 12:36:40","	办公班","	09:00-12:30;  13:30-17:30","	（）","	","	进","	"
"	人力资源部","	21033887","	张三","	2022-04-11 11:55:55","	办公班","	09:00-12:30;  13:30-17:30","	（）","	","	出","	"
"	人力资源部","	21033887","	张三","	2022-04-11 09:11:25","	办公班","	09:00-12:30;  13:30-17:30","	（）","	","	进","	"
"	人力资源部","	21033887","	张三","	2022-04-08 17:49:55","	办公班","	09:00-12:30;  13:30-17:30","	（）","	","	出","	"
"	人力资源部","	21033887","	张三","	2022-04-08 12:40:42","	办公班","	09:00-12:30;  13:30-17:30","	（）","	","	进","	"
"	人力资源部","	21033887","	张三","	2022-04-08 11:58:36","	办公班","	09:00-12:30;  13:30-17:30","	（）","	","	出","	"
"	人力资源部","	21033887","	张三","	2022-04-08 08:59:58","	办公班","	09:00-12:30;  13:30-17:30","	（）","	","	进","	"
"	人力资源部","	21033887","	张三","	2022-04-07 18:06:13","	办公班","	09:00-12:30;  13:30-17:30","	（）","	","	出","	"
"	人力资源部","	21033887","	张三","	2022-04-07 16:28:38","	办公班","	09:00-12:30;  13:30-17:30","	（）","	","	进","	"
"	人力资源部","	21033887","	张三","	2022-04-07 08:55:29","	办公班","	09:00-12:30;  13:30-17:30","	（）","	","	进","	"
"	人力资源部","	21033887","	张三","	2022-04-06 19:11:30","	办公班","	09:00-12:30;  13:30-17:30","	（）","	","	出","	"
"	人力资源部","	21033887","	张三","	2022-04-06 15:29:59","	办公班","	09:00-12:30;  13:30-17:30","	（）","	","	进","	"
"	人力资源部","	21033887","	张三","	2022-04-06 11:38:23","	办公班","	09:00-12:30;  13:30-17:30","	（）","	","	进","	"
"	人力资源部","	21033887","	张三","	2022-04-04 20:46:59","	办公班","	09:00-12:30;  13:30-17:30","	（）","	","	出","	"
"	人力资源部","	21033887","	张三","	2022-04-04 20:35:00","	办公班","	09:00-12:30;  13:30-17:30","	（）","	","	进","	"
"	人力资源部","	21033887","	张三","	2022-04-02 18:15:00","	","	-","	（）","	","	出","	"
"	人力资源部","	21033887","	张三","	2022-04-02 10:02:00","	","	-","	（）","	","	","	"
"	人力资源部","	21033887","	张三","	2022-04-02 10:02:00","	","	-","	（）","	","	","	副楼3层东侧入"
"	人力资源部","	21033887","	张三","	2022-04-02 08:58:00","	","	-","	（）","	","	","	"
"	人力资源部","	21033887","	张三","	2022-04-02 08:58:00","	","	-","	（）","	","	","	主楼大堂高区闸机右入口"
"	人力资源部","	21033887","	张三","	2022-04-01 18:41:00","	办公班","	09:00-12:30;  13:30-17:30","	（）","	","	","	"
"	人力资源部","	21033887","	张三","	2022-04-01 18:41:00","	办公班","	09:00-12:30;  13:30-17:30","	（）","	","	","	主楼大堂高区闸机左出口"
"	人力资源部","	21033887","	张三","	2022-04-01 08:52:00","	办公班","	09:00-12:30;  13:30-17:30","	（）","	","	","	"
"	人力资源部","	21033887","	张三","	2022-04-01 08:52:00","	办公班","	09:00-12:30;  13:30-17:30","	（）","	","	","	主楼大堂高区闸机左入口"
"	人力资源部","	21033887","	张三","	2022-03-31 18:29:00","	办公班","	09:00-12:30;  13:30-17:30","	（）","	","	","	"
"	人力资源部","	21033887","	张三","	2022-03-31 18:29:00","	办公班","	09:00-12:30;  13:30-17:30","	（）","	","	","	主楼大堂高区闸机左出口"
"	人力资源部","	21033887","	张三","	2022-03-31 08:54:25","	办公班","	09:00-12:30;  13:30-17:30","	（）","	","	进","	"
"	人力资源部","	21033887","	张三","	2022-03-30 18:58:40","	办公班","	09:00-12:30;  13:30-17:30","	（）","	","	出","	"
"	人力资源部","	21033887","	张三","	2022-03-30 17:52:47","	办公班","	09:00-12:30;  13:30-17:30","	（）","	","	进","	"
"	人力资源部","	21033887","	张三","	2022-03-30 08:28:45","	办公班","	09:00-12:30;  13:30-17:30","	（）","	","	出","	"
"	人力资源部","	21033887","	张三","	2022-03-30 08:08:44","	办公班","	09:00-12:30;  13:30-17:30","	（）","	","	进","	"
"	人力资源部","	21033887","	张三","	2022-03-29 21:41:17","	办公班","	09:00-12:30;  13:30-17:30","	（）","	","	出","	"
"	人力资源部","	21033887","	张三","	2022-03-29 20:28:58","	办公班","	09:00-12:30;  13:30-17:30","	（）","	","	进","	"
"	人力资源部","	21033887","	张三","	2022-03-29 19:56:43","	办公班","	09:00-12:30;  13:30-17:30","	（）","	","	出","	"
"	人力资源部","	21033887","	张三","	2022-03-29 13:40:24","	办公班","	09:00-12:30;  13:30-17:30","	（）","	","	进","	"
"	人力资源部","	21033887","	张三","	2022-03-28 18:01:25","	办公班","	09:00-12:30;  13:30-17:30","	（）","	","	出","	"
"	人力资源部","	21033887","	张三","	2022-03-28 08:51:20","	办公班","	09:00-12:30;  13:30-17:30","	（）","	","	进","	"
"	人力资源部","	21033887","	张三","	2022-03-25 19:56:19","	办公班","	09:00-12:30;  13:30-17:30","	（）","	","	出","	"
"	人力资源部","	21033887","	张三","	2022-03-25 12:49:37","	办公班","	09:00-12:30;  13:30-17:30","	（）","	","	进","	"
"	人力资源部","	21033887","	张三","	2022-03-24 17:38:31","	办公班","	09:00-12:30;  13:30-17:30","	（）","	","	出","	主楼大堂高区闸机左出口"
"	人力资源部","	21033887","	张三","	2022-03-24 08:55:30","	办公班","	09:00-12:30;  13:30-17:30","	（）","	","	进","	主楼大堂高区闸机中入口"
"	人力资源部","	21033887","	张三","	2022-03-23 17:51:11","	办公班","	09:00-12:30;  13:30-17:30","	（）","	","	出","	"
"	人力资源部","	21033887","	张三","	2022-03-23 14:30:27","	办公班","	09:00-12:30;  13:30-17:30","	（）","	","	进","	"
"	人力资源部","	21033887","	张三","	2022-03-23 12:05:20","	办公班","	09:00-12:30;  13:30-17:30","	（）","	","	进","	"
"	人力资源部","	21033887","	张三","	2022-03-23 11:55:39","	办公班","	09:00-12:30;  13:30-17:30","	（）","	","	出","	"
"	人力资源部","	21033887","	张三","	2022-03-23 08:55:21","	办公班","	09:00-12:30;  13:30-17:30","	（）","	","	进","	"
"	人力资源部","	21033887","	张三","	2022-03-22 18:04:07","	办公班","	09:00-12:30;  13:30-17:30","	（）","	","	出","	"
"	人力资源部","	21033887","	张三","	2022-03-22 10:14:27","	办公班","	09:00-12:30;  13:30-17:30","	（）","	","	进","	"
"	人力资源部","	21033887","	张三","	2022-03-21 17:57:04","	办公班","	09:00-12:30;  13:30-17:30","	（）","	","	出","	"
"	人力资源部","	21033887","	张三","	2022-03-21 10:51:38","	办公班","	09:00-12:30;  13:30-17:30","	（）","	","	进","	"
"	人力资源部","	21033887","	张三","	2022-03-21 10:49:32","	办公班","	09:00-12:30;  13:30-17:30","	（）","	","	进","	"
"	人力资源部","	21033887","	张三","	2022-03-21 08:52:01","	办公班","	09:00-12:30;  13:30-17:30","	（）","	","	进","	"
"	人力资源部","	21033887","	张三","	2022-03-11 12:11:16","	办公班","	09:00-12:30;  13:30-17:30","	（）","	","	出","	"
"	人力资源部","	21033887","	张三","	2022-03-11 08:50:16","	办公班","	09:00-12:30;  13:30-17:30","	（）","	","	进","	"
"	人力资源部","	21033887","	张三","	2022-03-10 17:55:10","	办公班","	09:00-12:30;  13:30-17:30","	（）","	","	出","	"
"	人力资源部","	21033887","	张三","	2022-03-10 12:30:51","	办公班","	09:00-12:30;  13:30-17:30","	（）","	","	进","	"
"	人力资源部","	21033887","	张三","	2022-03-10 12:01:21","	办公班","	09:00-12:30;  13:30-17:30","	（）","	","	出","	"
"	人力资源部","	21033887","	张三","	2022-03-10 08:54:22","	办公班","	09:00-12:30;  13:30-17:30","	（）","	","	进","	"
"	人力资源部","	21033887","	张三","	2022-03-09 18:49:04","	办公班","	09:00-12:30;  13:30-17:30","	（）","	","	出","	"
"	人力资源部","	21033887","	张三","	2022-03-09 12:56:34","	办公班","	09:00-12:30;  13:30-17:30","	（）","	","	进","	"
"	人力资源部","	21033887","	张三","	2022-03-09 12:54:38","	办公班","	09:00-12:30;  13:30-17:30","	（）","	","	出","	"
"	人力资源部","	21033887","	张三","	2022-03-09 12:17:36","	办公班","	09:00-12:30;  13:30-17:30","	（）","	","	进","	"
"	人力资源部","	21033887","	张三","	2022-03-09 12:14:09","	办公班","	09:00-12:30;  13:30-17:30","	（）","	","	出","	"
"	人力资源部","	21033887","	张三","	2022-03-09 08:54:13","	办公班","	09:00-12:30;  13:30-17:30","	（）","	","	进","	"
"	人力资源部","	21033887","	张三","	2022-03-08 17:55:03","	办公班","	09:00-12:30;  13:30-17:30","	（）","	","	出","	"
"	人力资源部","	21033887","	张三","	2022-03-08 15:06:58","	办公班","	09:00-12:30;  13:30-17:30","	（）","	","	进","	"
"	人力资源部","	21033887","	张三","	2022-03-08 15:02:15","	办公班","	09:00-12:30;  13:30-17:30","	（）","	","	出","	"
"	人力资源部","	21033887","	张三","	2022-03-08 14:27:29","	办公班","	09:00-12:30;  13:30-17:30","	（）","	","	进","	"
"	人力资源部","	21033887","	张三","	2022-03-08 08:54:42","	办公班","	09:00-12:30;  13:30-17:30","	（）","	","	进","	"
"	人力资源部","	21033887","	张三","	2022-03-07 19:09:31","	办公班","	09:00-12:30;  13:30-17:30","	（）","	","	出","	"
"	人力资源部","	21033887","	张三","	2022-03-07 12:33:20","	办公班","	09:00-12:30;  13:30-17:30","	（）","	","	进","	"
"	人力资源部","	21033887","	张三","	2022-03-07 12:32:10","	办公班","	09:00-12:30;  13:30-17:30","	（）","	","	出","	"
"	人力资源部","	21033887","	张三","	2022-03-07 08:56:18","	办公班","	09:00-12:30;  13:30-17:30","	（）","	","	进","	"
"	人力资源部","	21033887","	张三","	2022-03-04 08:53:01","	办公班","	09:00-12:30;  13:30-17:30","	（）","	","	进","	"
"	人力资源部","	21033887","	张三","	2022-03-03 18:00:51","	办公班","	09:00-12:30;  13:30-17:30","	（）","	","	出","	"
"	人力资源部","	21033887","	张三","	2022-03-03 15:57:46","	办公班","	09:00-12:30;  13:30-17:30","	（）","	","	进","	"
"	人力资源部","	21033887","	张三","	2022-03-03 08:54:59","	办公班","	09:00-12:30;  13:30-17:30","	（）","	","	进","	"
"	人力资源部","	21033887","	张三","	2022-02-25 18:37:21","	办公班","	09:00-12:30;  13:30-17:30","	（）","	","	出","	"
"	人力资源部","	21033887","	张三","	2022-02-25 13:52:19","	办公班","	09:00-12:30;  13:30-17:30","	（）","	","	进","	"
"	人力资源部","	21033887","	张三","	2022-02-25 12:16:57","	办公班","	09:00-12:30;  13:30-17:30","	（）","	","	出","	"
"	人力资源部","	21033887","	张三","	2022-02-25 08:49:36","	办公班","	09:00-12:30;  13:30-17:30","	（）","	","	进","	"
"	人力资源部","	21033887","	张三","	2022-02-24 17:41:56","	办公班","	09:00-12:30;  13:30-17:30","	（）","	","	出","	"
"	人力资源部","	21033887","	张三","	2022-02-24 16:07:56","	办公班","	09:00-12:30;  13:30-17:30","	（）","	","	进","	"
"	人力资源部","	21033887","	张三","	2022-02-24 16:06:40","	办公班","	09:00-12:30;  13:30-17:30","	（）","	","	出","	"
"	人力资源部","	21033887","	张三","	2022-02-24 13:10:03","	办公班","	09:00-12:30;  13:30-17:30","	（）","	","	进","	"
"	人力资源部","	21033887","	张三","	2022-02-24 12:13:54","	办公班","	09:00-12:30;  13:30-17:30","	（）","	","	出","	"
"	人力资源部","	21033887","	张三","	2022-02-24 09:11:41","	办公班","	09:00-12:30;  13:30-17:30","	（）","	","	进","	"
"	人力资源部","	21033887","	张三","	2022-02-23 13:11:04","	办公班","	09:00-12:30;  13:30-17:30","	（）","	","	出","	"
"	人力资源部","	21033887","	张三","	2022-02-23 08:53:53","	办公班","	09:00-12:30;  13:30-17:30","	（）","	","	进","	"
"	人力资源部","	21033887","	张三","	2022-02-22 17:58:07","	办公班","	09:00-12:30;  13:30-17:30","	（）","	","	出","	"
"	人力资源部","	21033887","	张三","	2022-02-22 10:08:52","	办公班","	09:00-12:30;  13:30-17:30","	（）","	","	进","	"
"	人力资源部","	21033887","	张三","	2022-02-22 10:04:43","	办公班","	09:00-12:30;  13:30-17:30","	（）","	","	进","	"
"	人力资源部","	21033887","	张三","	2022-02-22 08:55:28","	办公班","	09:00-12:30;  13:30-17:30","	（）","	","	进","	"
"	人力资源部","	21033887","	张三","	2022-02-21 18:07:24","	办公班","	09:00-12:30;  13:30-17:30","	（）","	","	出","	"
"	人力资源部","	21033887","	张三","	2022-02-21 09:01:37","	办公班","	09:00-12:30;  13:30-17:30","	（）","	","	进","	"
"	人力资源部","	21033887","	张三","	2022-02-18 18:16:58","	办公班","	09:00-12:30;  13:30-17:30","	（）","	","	出","	"
"	人力资源部","	21033887","	张三","	2022-02-18 12:43:10","	办公班","	09:00-12:30;  13:30-17:30","	（）","	","	进","	"
"	人力资源部","	21033887","	张三","	2022-02-18 11:50:22","	办公班","	09:00-12:30;  13:30-17:30","	（）","	","	出","	"
"	人力资源部","	21033887","	张三","	2022-02-18 09:35:45","	办公班","	09:00-12:30;  13:30-17:30","	（）","	","	进","	"
"	人力资源部","	21033887","	张三","	2022-02-18 08:54:05","	办公班","	09:00-12:30;  13:30-17:30","	（）","	","	进","	"
"	人力资源部","	21033887","	张三","	2022-02-17 18:26:02","	办公班","	09:00-12:30;  13:30-17:30","	（）","	","	出","	主楼大堂高区闸机右出口"
"	人力资源部","	21033887","	张三","	2022-02-17 08:52:46","	办公班","	09:00-12:30;  13:30-17:30","	（）","	","	进","	主楼大堂高区闸机左入口"
"	人力资源部","	21033887","	张三","	2022-02-16 18:10:01","	办公班","	09:00-12:30;  13:30-17:30","	（）","	","	出","	"
"	人力资源部","	21033887","	张三","	2022-02-16 09:51:01","	办公班","	09:00-12:30;  13:30-17:30","	（）","	","	进","	"
"	人力资源部","	21033887","	张三","	2022-02-16 08:56:47","	办公班","	09:00-12:30;  13:30-17:30","	（）","	","	进","	"
"	人力资源部","	21033887","	张三","	2022-02-15 17:55:06","	办公班","	09:00-12:30;  13:30-17:30","	（）","	","	出","	"
"	人力资源部","	21033887","	张三","	2022-02-15 08:55:22","	办公班","	09:00-12:30;  13:30-17:30","	（）","	","	进","	"
"	人力资源部","	21033887","	张三","	2022-02-14 18:09:02","	办公班","	09:00-12:30;  13:30-17:30","	（）","	","	出","	"
"	人力资源部","	21033887","	张三","	2022-02-14 08:50:49","	办公班","	09:00-12:30;  13:30-17:30","	（）","	","	进","	"
"	人力资源部","	21033887","	张三","	2022-02-11 18:16:13","	办公班","	09:00-12:30;  13:30-17:30","	（）","	","	出","	主楼大堂高区闸机左出口"
"	人力资源部","	21033887","	张三","	2022-02-11 13:53:37","	办公班","	09:00-12:30;  13:30-17:30","	（）","	","	进","	副楼2层东侧入"
"	人力资源部","	21033887","	张三","	2022-02-11 13:51:38","	办公班","	09:00-12:30;  13:30-17:30","	（）","	","	进","	副楼3层东侧入"
"	人力资源部","	21033887","	张三","	2022-02-11 13:50:09","	办公班","	09:00-12:30;  13:30-17:30","	（）","	","	进","	副楼1层东侧闸机A02入口"
"	人力资源部","	21033887","	张三","	2022-02-11 13:37:09","	办公班","	09:00-12:30;  13:30-17:30","	（）","	","	出","	副楼1层东侧闸机A02出口"
"	人力资源部","	21033887","	张三","	2022-02-11 12:11:18","	办公班","	09:00-12:30;  13:30-17:30","	（）","	","	进","	主楼大堂高区闸机中入口"
"	人力资源部","	21033887","	张三","	2022-02-11 12:02:14","	办公班","	09:00-12:30;  13:30-17:30","	（）","	","	出","	主楼大堂高区闸机中出口"
"	人力资源部","	21033887","	张三","	2022-02-11 09:45:41","	办公班","	09:00-12:30;  13:30-17:30","	（）","	","	进","	副楼3层东侧入"
"	人力资源部","	21033887","	张三","	2022-02-11 08:49:40","	办公班","	09:00-12:30;  13:30-17:30","	（）","	","	进","	主楼大堂高区闸机中入口"
"	人力资源部","	21033887","	张三","	2022-02-10 19:18:19","	办公班","	09:00-12:30;  13:30-17:30","	（）","	","	出","	"
"	人力资源部","	21033887","	张三","	2022-02-10 13:22:47","	办公班","	09:00-12:30;  13:30-17:30","	（）","	","	进","	"
"	人力资源部","	21033887","	张三","	2022-02-10 13:18:32","	办公班","	09:00-12:30;  13:30-17:30","	（）","	","	进","	"
"	人力资源部","	21033887","	张三","	2022-02-10 13:14:49","	办公班","	09:00-12:30;  13:30-17:30","	（）","	","	出","	"
"	人力资源部","	21033887","	张三","	2022-02-10 12:32:11","	办公班","	09:00-12:30;  13:30-17:30","	（）","	","	进","	"
"	人力资源部","	21033887","	张三","	2022-02-10 12:07:16","	办公班","	09:00-12:30;  13:30-17:30","	（）","	","	出","	"
"	人力资源部","	21033887","	张三","	2022-02-10 08:54:02","	办公班","	09:00-12:30;  13:30-17:30","	（）","	","	进","	"
"	人力资源部","	21033887","	张三","	2022-02-09 18:31:42","	办公班","	09:00-12:30;  13:30-17:30","	（）","	","	出","	"
"	人力资源部","	21033887","	张三","	2022-02-09 12:44:57","	办公班","	09:00-12:30;  13:30-17:30","	（）","	","	进","	"
"	人力资源部","	21033887","	张三","	2022-02-09 11:29:39","	办公班","	09:00-12:30;  13:30-17:30","	（）","	","	出","	"
"	人力资源部","	21033887","	张三","	2022-02-09 09:20:17","	办公班","	09:00-12:30;  13:30-17:30","	（）","	","	进","	"
"	人力资源部","	21033887","	张三","	2022-02-09 08:48:29","	办公班","	09:00-12:30;  13:30-17:30","	（）","	","	进","	"
"	人力资源部","	21033887","	张三","	2022-01-30 12:22:41","	办公班","	09:00-12:30;  13:30-17:30","	（）","	","	出","	"
"	人力资源部","	21033887","	张三","	2022-01-30 09:30:54","	办公班","	09:00-12:30;  13:30-17:30","	（）","	","	进","	"
"	人力资源部","	21033887","	张三","	2022-01-30 09:18:29","	办公班","	09:00-12:30;  13:30-17:30","	（）","	","	出","	"
"	人力资源部","	21033887","	张三","	2022-01-30 08:56:13","	办公班","	09:00-12:30;  13:30-17:30","	（）","	","	进","	"
"	人力资源部","	21033887","	张三","	2022-01-29 17:10:21","	办公班","	09:00-12:30;  13:30-17:30","	（）","	","	出","	"
"	人力资源部","	21033887","	张三","	2022-01-29 13:31:16","	办公班","	09:00-12:30;  13:30-17:30","	（）","	","	进","	"
"	人力资源部","	21033887","	张三","	2022-01-29 12:13:00","	办公班","	09:00-12:30;  13:30-17:30","	（）","	","	出","	"
"	人力资源部","	21033887","	张三","	2022-01-29 08:56:42","	办公班","	09:00-12:30;  13:30-17:30","	（）","	","	进","	"
"	人力资源部","	21033887","	张三","	2022-01-27 08:55:46","	办公班","	09:00-12:30;  13:30-17:30","	（）","	","	进","	"
"	人力资源部","	21033887","	张三","	2022-01-26 11:37:43","	办公班","	09:00-12:30;  13:30-17:30","	（）","	","	出","	主楼大堂高区闸机中出口"
"	人力资源部","	21033887","	张三","	2022-01-26 08:55:13","	办公班","	09:00-12:30;  13:30-17:30","	（）","	","	进","	主楼大堂高区闸机左入口"
"	人力资源部","	21033887","	张三","	2022-01-25 17:46:09","	办公班","	09:00-12:30;  13:30-17:30","	（）","	","	出","	主楼大堂高区闸机中出口"
"	人力资源部","	21033887","	张三","	2022-01-25 15:45:06","	办公班","	09:00-12:30;  13:30-17:30","	（）","	","	进","	副楼3层东侧入"
"	人力资源部","	21033887","	张三","	2022-01-25 08:49:18","	办公班","	09:00-12:30;  13:30-17:30","	（）","	","	进","	主楼大堂高区闸机中入口"
"	人力资源部","	21033887","	张三","	2022-01-24 18:05:32","	办公班","	09:00-12:30;  13:30-17:30","	（）","	","	出","	"
"	人力资源部","	21033887","	张三","	2022-01-24 09:28:41","	办公班","	09:00-12:30;  13:30-17:30","	（）","	","	进","	"
"	人力资源部","	21033887","	张三","	2022-01-24 08:52:23","	办公班","	09:00-12:30;  13:30-17:30","	（）","	","	进","	"
"	人力资源部","	21033887","	张三","	2022-01-21 18:20:18","	办公班","	09:00-12:30;  13:30-17:30","	（）","	","	出","	"
"	人力资源部","	21033887","	张三","	2022-01-21 08:50:58","	办公班","	09:00-12:30;  13:30-17:30","	（）","	","	进","	"
"	人力资源部","	21033887","	张三","	2022-01-20 10:14:39","	办公班","	09:00-12:30;  13:30-17:30","	（）","	","	进","	"
"	人力资源部","	21033887","	张三","	2022-01-20 08:46:39","	办公班","	09:00-12:30;  13:30-17:30","	（）","	","	进","	"
"	人力资源部","	21033887","	张三","	2022-01-19 17:57:42","	办公班","	09:00-12:30;  13:30-17:30","	（）","	","	出","	主楼大堂高区闸机左出口"
"	人力资源部","	21033887","	张三","	2022-01-19 15:49:21","	办公班","	09:00-12:30;  13:30-17:30","	（）","	","	进","	副楼3层东侧入"
"	人力资源部","	21033887","	张三","	2022-01-19 08:51:29","	办公班","	09:00-12:30;  13:30-17:30","	（）","	","	进","	主楼大堂高区闸机中入口"
"	人力资源部","	21033887","	张三","	2022-01-18 18:03:16","	办公班","	09:00-12:30;  13:30-17:30","	（）","	","	出","	"
"	人力资源部","	21033887","	张三","	2022-01-18 17:59:14","	办公班","	09:00-12:30;  13:30-17:30","	（）","	","	进","	"
"	人力资源部","	21033887","	张三","	2022-01-18 08:50:43","	办公班","	09:00-12:30;  13:30-17:30","	（）","	","	进","	"
"	人力资源部","	21033887","	张三","	2022-01-17 08:51:27","	办公班","	09:00-12:30;  13:30-17:30","	（）","	","	进","	主楼大堂高区闸机中入口"
"	人力资源部","	21033887","	张三","	2022-01-14 17:56:28","	办公班","	09:00-12:30;  13:30-17:30","	（）","	","	出","	主楼大堂高区闸机左出口"
"	人力资源部","	21033887","	张三","	2022-01-14 09:47:40","	办公班","	09:00-12:30;  13:30-17:30","	（）","	","	进","	主楼大堂高区闸机左入口"
"	人力资源部","	21033887","	张三","	2022-01-14 09:42:42","	办公班","	09:00-12:30;  13:30-17:30","	（）","	","	出","	副楼1层东侧闸机A01出口"
"	人力资源部","	21033887","	张三","	2022-01-14 09:39:53","	办公班","	09:00-12:30;  13:30-17:30","	（）","	","	进","	副楼3层东侧入"
"	人力资源部","	21033887","	张三","	2022-01-14 08:53:02","	办公班","	09:00-12:30;  13:30-17:30","	（）","	","	进","	主楼大堂高区闸机左入口"
"	人力资源部","	21033887","	张三","	2022-01-13 17:51:36","	办公班","	09:00-12:30;  13:30-17:30","	（）","	","	出","	"
"	人力资源部","	21033887","	张三","	2022-01-13 08:47:58","	办公班","	09:00-12:30;  13:30-17:30","	（）","	","	进","	"
"	人力资源部","	21033887","	张三","	2022-01-12 12:19:47","	办公班","	09:00-12:30;  13:30-17:30","	（）","	","	出","	"
"	人力资源部","	21033887","	张三","	2022-01-12 08:47:22","	办公班","	09:00-12:30;  13:30-17:30","	（）","	","	进","	"
"	人力资源部","	21033887","	张三","	2022-01-11 17:46:32","	办公班","	09:00-12:30;  13:30-17:30","	（）","	","	出","	"
"	人力资源部","	21033887","	张三","	2022-01-11 08:44:46","	办公班","	09:00-12:30;  13:30-17:30","	（）","	","	进","	"
"	人力资源部","	21033887","	张三","	2022-01-10 18:15:03","	办公班","	09:00-12:30;  13:30-17:30","	（）","	","	出","	"
"	人力资源部","	21033887","	张三","	2022-01-10 08:50:10","	办公班","	09:00-12:30;  13:30-17:30","	（）","	","	进","	"
"	人力资源部","	21033887","	张三","	2022-01-07 18:17:17","	办公班","	09:00-12:30;  13:30-17:30","	（）","	","	出","	"
"	人力资源部","	21033887","	张三","	2022-01-07 08:48:35","	办公班","	09:00-12:30;  13:30-17:30","	（）","	","	进","	"
"	人力资源部","	21033887","	张三","	2022-01-06 18:18:36","	办公班","	09:00-12:30;  13:30-17:30","	（）","	","	出","	"
"	人力资源部","	21033887","	张三","	2022-01-06 08:44:53","	办公班","	09:00-12:30;  13:30-17:30","	（）","	","	进","	"
"	人力资源部","	21033887","	张三","	2022-01-05 18:33:10","	办公班","	09:00-12:30;  13:30-17:30","	（）","	","	出","	"
"	人力资源部","	21033887","	张三","	2022-01-05 08:47:32","	办公班","	09:00-12:30;  13:30-17:30","	（）","	","	进","	"
"	人力资源部","	21033887","	张三","	2022-01-04 18:15:32","	办公班","	09:00-12:30;  13:30-17:30","	（）","	","	出","	"
"	人力资源部","	21033887","	张三","	2022-01-04 08:48:05","	办公班","	09:00-12:30;  13:30-17:30","	（）","	","	进","	"
